project_id,partner_id
164,14
165,14
17871,235
4334,238
7883,238
4546,239
461,241
158,243
7622,251
8192,256
4598,261
4060,291
14210,295
4300,298
2958,326
10544,336
15271,346
4065,360
882,374
884,374
885,374
886,374
887,374
889,374
890,374
891,374
892,374
897,374
4242,375
7561,387
10868,408
11177,408
16060,408
172,430
172,431
157,446
160,446
8996,479
9072,479
1811,504
2517,506
4238,596
13014,603
4974,613
2569,721
2866,749
2870,749
2871,749
28,762
3899,767
3141,777
10253,779
10254,779
7557,784
11216,813
555,846
18733,875
31,896
31,900
14482,923
30,925
13085,967
13179,1003
18859,1025
13179,1029
15247,1040
13136,1088
10468,1142
9205,1225
9208,1264
9467,1289
9071,1301
9400,1337
9142,1362
608,1368
14158,1386
4183,1477
2219,1491
13104,1497
7561,1520
13090,1540
657,1590
98,1638
2904,1683
13179,1737
1938,1810
15052,1817
15053,1817
11660,1818
8965,1819
9873,1820
10504,1820
10912,1820
15054,1820
15055,1820
8613,1821
14386,1821
14188,1822
15058,1823
11679,1824
9779,1825
9815,1826
9816,1826
17937,1827
9693,1828
9817,1829
10983,1830
10178,1831
3536,1832
14013,1833
11502,1834
17297,1834
15063,1835
10222,1836
10932,1837
9851,1839
17380,1840
12622,1841
2070,1842
17938,1843
19206,1844
15065,1845
2858,1846
15067,1847
19169,1848
5766,1849
5767,1849
5768,1849
5769,1849
5770,1849
5771,1849
5772,1849
5773,1849
5774,1849
5775,1849
5776,1849
5777,1849
5778,1849
5779,1849
5780,1849
5781,1849
5782,1849
5783,1849
5784,1849
5785,1849
12967,1849
12968,1849
12969,1849
12970,1849
18739,1849
18774,1849
18775,1849
18776,1849
10024,1850
10026,1850
11104,1851
11712,1852
9916,1853
9918,1853
1256,1854
11586,1855
11087,1856
10000,1858
4541,1860
4546,1861
3672,1862
3958,1862
4057,1863
771,1864
11747,1865
15068,1866
7790,1867
1580,1868
2846,1869
4002,1869
4440,1870
8650,1870
17075,1871
695,1872
8224,1873
9930,1874
8543,1875
14335,1876
5734,1877
14359,1878
987,1879
18733,1880
15069,1881
15070,1882
11162,1883
15071,1883
9843,1884
18122,1885
8764,1886
11592,1887
8947,1888
10041,1889
10050,1889
15073,1890
2490,1891
4901,1892
9073,1893
9073,1894
1037,1895
4718,1896
1041,1897
1042,1897
7661,1898
13061,1899
10014,1900
11601,1901
17968,1902
10144,1903
10875,1904
10894,1904
15074,1904
10933,1905
15075,1905
4401,1906
7661,1907
17066,1908
2349,1909
12542,1910
2076,1911
2076,1912
2393,1913
2394,1913
2399,1913
10135,1914
10148,1914
10149,1914
10184,1914
10187,1914
10188,1914
10190,1914
10191,1914
10200,1914
10274,1914
10275,1914
10303,1914
10326,1914
10721,1914
2076,1915
12976,1916
12977,1916
11284,1917
1010,1918
4400,1919
15076,1920
3300,1921
11142,1922
11143,1922
11144,1922
11145,1922
10700,1923
4267,1924
9906,1925
10705,1926
10709,1926
15079,1927
2300,1928
1116,1929
2458,1930
5695,1931
15080,1932
15081,1933
2743,1934
3657,1935
3658,1935
4439,1936
10013,1937
12586,1938
19143,1939
11159,1940
15078,1941
2253,1942
9894,1943
9895,1943
975,1944
10982,1945
8487,1946
11806,1947
7899,1948
10902,1949
10498,1950
11647,1951
15083,1952
869,1953
15084,1954
15085,1954
18733,1955
9832,1956
2252,1957
788,1958
789,1958
4211,1959
13903,1960
19018,1960
11072,1961
15061,1962
2794,1963
14228,1964
14229,1964
1111,1965
3285,1966
2035,1967
1112,1968
18892,1969
2129,1970
1056,1971
1066,1971
2794,1972
637,1973
10125,1974
9655,1975
9483,1976
3485,1977
8859,1978
9452,1979
10152,1980
4426,1981
8544,1981
191,1982
11175,1983
1114,1984
11011,1985
520,1986
1115,1987
2374,1988
15090,1989
13097,1990
987,1991
11476,1992
5302,1993
5303,1993
3670,1994
5695,1995
8640,1996
14399,1996
9226,1997
18817,1998
9726,1999
1036,2000
10617,2001
3878,2002
8947,2003
7563,2004
17255,2005
10997,2006
7656,2007
7656,2008
15092,2009
18066,2010
11601,2011
10308,2012
4006,2013
8913,2014
1573,2015
4579,2016
11487,2017
17505,2018
10517,2019
10809,2020
10811,2020
15094,2020
7536,2021
7645,2022
18664,2023
10316,2024
7470,2025
11649,2026
11832,2027
9936,2028
15095,2029
5677,2030
5712,2031
17241,2032
5806,2033
3308,2034
7501,2034
1252,2035
7687,2036
11291,2037
480,2038
17293,2039
189,2040
7661,2041
17093,2042
4190,2043
12682,2044
18803,2044
3160,2045
10879,2046
15097,2046
18114,2047
4068,2048
7640,2049
9522,2050
15098,2051
5023,2052
9086,2053
10761,2054
5066,2055
17098,2056
3105,2057
15100,2058
4473,2059
7556,2060
10984,2061
10482,2062
10483,2062
2068,2063
9371,2064
11509,2066
11550,2066
11738,2067
9885,2068
9886,2068
9912,2068
11073,2068
11093,2068
11201,2068
11203,2068
15106,2068
15107,2068
15108,2068
13087,2069
9626,2070
9627,2070
15109,2070
10099,2071
15111,2071
11585,2072
17269,2073
11585,2074
14208,2075
3837,2076
10309,2077
17056,2078
4306,2079
5205,2079
5226,2079
5235,2079
5266,2079
5279,2079
1709,2080
7478,2081
15112,2082
15113,2082
15114,2082
12936,2083
12937,2083
12938,2083
12939,2083
12940,2083
12941,2083
12942,2083
18828,2083
17481,2084
250,2085
11587,2086
15103,2087
4406,2088
2350,2089
2430,2090
2403,2091
4915,2092
3490,2093
8943,2094
12088,2095
12089,2095
11718,2096
17243,2097
805,2098
3740,2098
17290,2099
17943,2099
18236,2099
11831,2100
10927,2101
17506,2102
5347,2103
2147,2104
4486,2105
8620,2105
17268,2106
11585,2107
9122,2108
9401,2109
11820,2110
17074,2110
9902,2111
9883,2112
10827,2113
17239,2114
11691,2115
15120,2116
15121,2116
15122,2116
364,2117
11828,2118
17105,2118
10366,2119
17856,2120
2185,2121
7816,2122
7822,2123
3333,2124
13904,2125
19008,2125
13923,2126
19026,2126
817,2127
5487,2128
5504,2128
13893,2128
13939,2128
19019,2128
8118,2129
809,2130
9444,2131
812,2132
824,2133
840,2134
13931,2135
19032,2135
13900,2136
19012,2136
4421,2137
17869,2138
19013,2138
13928,2139
19020,2139
4629,2140
7478,2141
3872,2143
4270,2144
4138,2145
10622,2146
8856,2147
17252,2148
4200,2149
17902,2150
18882,2151
11585,2152
16935,2153
17241,2154
17153,2155
16935,2156
17274,2157
15124,2158
9822,2159
4903,2160
2886,2161
3840,2162
2069,2163
11644,2164
9766,2165
15125,2165
11137,2166
17625,2167
17626,2167
17627,2167
17631,2167
17632,2167
3613,2168
10462,2169
15127,2169
5347,2170
1671,2171
4987,2172
17750,2173
10774,2174
11826,2175
11807,2176
10620,2177
18670,2178
154,2179
14208,2180
8798,2181
9269,2182
249,2183
12681,2184
2679,2185
10669,2186
2785,2187
2249,2188
3613,2189
18894,2190
11061,2191
11076,2191
11622,2192
9188,2193
10475,2194
8801,2195
9707,2196
3217,2197
4936,2198
10048,2199
10051,2199
2374,2200
15130,2201
11718,2202
625,2203
15133,2204
15135,2205
14138,2206
14255,2207
10257,2208
10260,2208
10263,2208
351,2209
350,2210
10235,2211
18799,2212
2495,2213
8815,2215
10012,2216
10550,2216
18142,2217
10415,2218
11700,2219
11585,2220
9864,2221
10601,2222
10602,2222
9759,2223
9700,2224
10815,2225
10844,2225
10850,2225
15137,2225
3888,2226
11165,2227
7900,2228
11679,2229
17241,2230
11640,2231
17267,2232
16842,2233
17129,2233
18147,2233
11679,2234
1796,2235
8578,2236
4457,2237
8579,2237
15138,2238
4453,2239
8659,2240
8660,2240
8506,2241
10797,2242
2784,2243
12592,2244
8669,2245
14462,2245
8580,2246
4458,2247
1013,2248
9134,2249
11453,2250
17152,2250
4994,2251
8500,2252
7691,2253
1014,2254
4459,2255
8581,2255
916,2256
932,2257
8671,2258
14463,2258
8582,2259
8678,2260
14470,2260
8672,2261
14464,2261
8679,2262
14471,2262
17984,2263
14465,2264
3922,2265
3094,2266
2044,2267
12990,2268
7685,2269
2069,2270
5811,2271
8583,2272
15140,2273
3157,2274
10803,2275
10804,2275
15141,2275
10346,2276
5486,2277
13919,2277
17058,2278
16995,2279
10203,2280
17448,2281
8680,2282
8681,2282
8682,2282
14472,2282
8508,2283
17712,2284
4456,2285
8683,2286
14473,2286
14474,2286
14475,2287
3150,2288
18108,2289
11428,2290
14466,2291
2027,2292
924,2293
11436,2294
10224,2295
9517,2296
12585,2297
4498,2298
4499,2298
8433,2298
7478,2299
10583,2300
13179,2301
9697,2302
10587,2302
2958,2303
10351,2304
10348,2305
4010,2306
4011,2306
4012,2306
17085,2307
1062,2308
17818,2309
8488,2310
14345,2310
1942,2311
2900,2312
14346,2313
2287,2314
520,2315
3718,2316
695,2317
14347,2318
1028,2319
7640,2320
151,2321
2735,2322
4593,2323
8434,2323
2842,2324
11034,2325
7790,2326
15146,2327
10740,2328
10741,2328
10750,2328
10751,2328
10754,2328
929,2329
7787,2330
9819,2331
9820,2331
5804,2332
1696,2333
2843,2334
7476,2335
3963,2336
10032,2337
10469,2337
1063,2338
1997,2339
15152,2340
4605,2341
8435,2341
11752,2342
3737,2343
8648,2344
5338,2345
465,2346
1704,2346
10227,2347
1249,2348
453,2349
915,2350
12596,2351
10903,2352
5338,2353
9853,2354
12585,2355
9699,2356
18760,2357
1249,2358
1908,2359
1645,2360
2739,2361
7640,2362
18887,2363
1697,2364
5295,2365
8489,2366
14348,2366
11763,2367
3231,2368
732,2369
4688,2370
10173,2371
138,2372
7394,2373
4077,2374
4082,2375
10262,2376
13988,2377
17251,2378
2803,2379
18115,2380
18116,2380
18117,2380
15153,2381
15154,2382
9614,2383
10154,2384
4053,2385
17246,2386
10221,2387
13856,2388
17291,2389
9803,2390
15155,2391
15156,2392
10898,2393
8821,2394
17241,2395
11688,2396
17326,2397
554,2398
4084,2399
4086,2399
10794,2400
10796,2400
10798,2400
2958,2401
5343,2402
4913,2403
9155,2404
2727,2405
3131,2406
10210,2407
9207,2408
15157,2409
10330,2410
10332,2410
15163,2411
17970,2412
4843,2413
17450,2414
2114,2415
10470,2416
11435,2417
9017,2418
8100,2419
4846,2420
9218,2421
10205,2422
10472,2422
1646,2423
9747,2424
9772,2425
11293,2426
9425,2427
15165,2428
11808,2429
1672,2430
18747,2431
9048,2432
16809,2433
9209,2434
16809,2435
2070,2436
2070,2437
19191,2438
9225,2439
15166,2440
9740,2441
14003,2442
14003,2443
792,2444
4228,2445
1253,2446
935,2447
19163,2448
1748,2449
7656,2450
11819,2451
4842,2452
8877,2453
4487,2454
3393,2455
9505,2456
8909,2457
168,2458
168,2459
169,2460
2175,2460
8877,2461
11710,2462
168,2463
8866,2464
11822,2465
8641,2466
14400,2466
9139,2467
10354,2468
11617,2469
12538,2470
17153,2471
7435,2472
4528,2473
8468,2474
8469,2474
2049,2475
17245,2476
18081,2477
11471,2478
14393,2479
11722,2480
18892,2481
17205,2482
12114,2483
11294,2484
11790,2485
8094,2486
11100,2487
11582,2488
8352,2489
8352,2490
11622,2491
17275,2492
4061,2493
1597,2494
11540,2495
15168,2496
15169,2497
17268,2498
11597,2499
11724,2500
15170,2501
17958,2502
9271,2503
8747,2504
9451,2505
9486,2505
11836,2506
15171,2507
9188,2508
11585,2509
8830,2510
3696,2511
3960,2511
11608,2512
16969,2513
16969,2514
9366,2515
1056,2516
1066,2516
11470,2517
17224,2517
4420,2518
991,2519
17291,2520
9568,2521
11477,2522
17106,2523
11705,2524
10704,2525
9721,2526
15172,2527
11610,2528
11819,2529
10376,2530
15167,2531
10367,2532
15176,2533
15177,2534
9798,2535
10882,2536
15179,2537
15180,2538
15181,2539
15182,2540
10593,2541
10633,2542
9786,2543
9789,2544
9640,2545
10338,2546
10251,2547
15184,2548
10342,2549
10343,2549
9736,2550
10519,2551
15192,2552
15186,2553
15188,2554
10393,2555
9836,2556
15193,2557
15194,2558
15196,2559
9668,2560
9671,2560
11124,2561
15198,2562
10474,2563
15201,2564
10243,2565
10365,2565
15202,2566
10160,2567
10137,2568
10359,2569
15203,2570
10130,2571
10369,2572
10370,2572
10371,2572
15205,2573
15206,2574
15207,2575
15208,2576
10207,2577
15212,2578
15213,2579
10930,2580
10378,2581
9845,2582
9846,2582
15215,2583
15217,2584
15218,2585
15219,2586
10043,2587
15220,2588
9754,2589
10607,2589
11021,2590
15221,2591
10479,2592
10480,2592
10481,2592
15222,2593
15223,2594
15224,2594
15225,2594
15226,2594
10808,2595
10347,2596
10810,2597
15233,2598
15234,2599
15235,2599
15236,2600
9796,2601
10621,2601
15241,2602
1855,2603
9943,2604
15242,2605
10049,2606
15243,2607
2382,2608
7825,2608
10356,2609
15244,2610
10245,2611
15245,2612
11119,2613
11120,2613
10328,2614
10885,2615
10883,2616
10877,2617
11133,2618
10899,2619
11106,2621
15248,2622
15250,2623
16457,2623
9953,2624
9696,2625
16461,2626
10799,2627
16277,2627
11199,2628
11080,2629
15421,2630
10005,2631
11150,2632
9940,2633
15401,2634
10171,2635
16462,2636
16464,2637
16465,2637
16466,2637
10056,2638
10059,2638
16467,2639
10878,2640
10092,2641
16067,2641
10225,2642
9867,2643
9960,2644
10315,2645
10163,2646
10015,2647
16234,2647
15477,2648
9725,2649
10035,2649
10986,2649
16468,2649
10710,2650
15437,2651
11003,2652
9975,2653
16469,2654
16470,2655
16471,2656
16472,2657
16068,2658
10118,2659
10350,2660
16473,2661
10501,2662
10405,2663
11085,2664
9834,2665
11192,2666
16474,2667
10539,2668
16475,2669
15344,2670
10511,2671
16476,2672
10093,2673
16069,2673
10864,2674
16477,2675
16478,2676
10418,2677
16479,2678
10823,2679
9769,2680
2834,2681
10290,2682
10009,2683
10010,2683
16231,2683
10887,2684
16775,2685
10141,2686
10147,2686
10182,2686
10255,2686
10166,2687
10380,2688
15263,2688
15264,2688
15359,2689
10384,2690
10289,2691
9689,2692
9662,2693
10151,2693
10597,2693
10598,2693
15366,2693
16070,2693
9624,2694
9837,2695
16480,2696
10527,2697
16481,2698
9642,2699
11176,2699
16482,2700
2426,2701
7892,2702
10955,2703
10961,2703
10974,2703
10976,2703
11708,2704
5342,2705
9116,2706
16483,2707
1035,2709
30,2710
4974,2711
9016,2712
2822,2713
9365,2714
11811,2715
9425,2716
10863,2717
11037,2717
10500,2718
16484,2718
13989,2719
16255,2720
17509,2721
11049,2722
16936,2723
9703,2724
11701,2725
11477,2726
17241,2727
16154,2728
16266,2728
11075,2729
9801,2730
10626,2730
16849,2731
17011,2731
17136,2731
18162,2731
10098,2732
16071,2732
16486,2733
11686,2734
11810,2735
699,2736
4924,2737
4926,2737
4500,2738
8437,2738
10836,2739
10838,2739
2046,2740
4027,2741
707,2742
11679,2743
9158,2745
5804,2746
7675,2747
16953,2748
3999,2749
4692,2750
13096,2751
14327,2752
11836,2753
11757,2754
16989,2754
4024,2755
4024,2756
14208,2757
7895,2758
17205,2759
577,2760
11031,2761
11033,2761
11035,2761
16376,2761
16377,2761
9613,2762
11477,2763
11716,2764
17291,2765
17304,2766
14235,2767
10180,2768
10219,2768
10935,2768
10936,2768
10937,2768
10938,2768
10939,2768
10940,2768
10941,2768
10942,2768
16320,2768
12159,2769
12160,2769
1039,2770
1040,2770
1043,2770
1044,2770
2931,2771
2076,2772
4488,2773
8621,2773
8470,2774
17499,2775
426,2776
3145,2777
1252,2778
10725,2779
10734,2779
3807,2780
16487,2781
2035,2782
244,2783
9076,2784
871,2785
9101,2786
9612,2787
13044,2788
16993,2789
11456,2790
11762,2791
11797,2792
17149,2792
16911,2793
16892,2794
16866,2795
11523,2796
2847,2797
16072,2798
16366,2798
3574,2799
10892,2800
16303,2800
5065,2801
7646,2802
12963,2803
13012,2804
11216,2805
14138,2806
5483,2807
5508,2807
13935,2807
17861,2807
17863,2807
19029,2807
13895,2808
13932,2809
800,2810
13916,2811
19033,2811
13912,2812
19009,2812
806,2813
5500,2814
13889,2815
17873,2816
13885,2817
17847,2817
816,2818
19024,2819
5502,2820
13914,2820
810,2821
13901,2822
17865,2822
5511,2823
13926,2823
17866,2823
13903,2824
19018,2824
5495,2825
17872,2825
13886,2826
13890,2826
808,2827
17880,2828
19022,2828
5492,2829
13891,2829
13894,2829
13911,2829
19027,2829
1674,2830
5495,2831
17872,2831
5503,2832
13921,2832
13922,2832
13908,2833
17850,2833
5495,2835
17872,2835
13887,2836
17859,2836
13887,2837
17859,2837
13899,2838
19030,2838
818,2839
2869,2840
5510,2841
17868,2841
5495,2842
17872,2842
822,2843
823,2843
820,2844
5495,2845
17872,2845
3512,2846
819,2847
838,2848
5495,2849
17872,2849
9706,2850
250,2851
250,2852
250,2853
1612,2854
4267,2855
17093,2856
16488,2857
10952,2858
1887,2859
9382,2860
17113,2861
13976,2862
8697,2863
9069,2864
8902,2865
19159,2866
9273,2867
10951,2868
16965,2869
17358,2870
9731,2871
3732,2872
15490,2873
14526,2874
13147,2875
13128,2876
17205,2877
17256,2878
9653,2879
11017,2879
17153,2880
16491,2881
15371,2882
11680,2883
17239,2884
13883,2885
16809,2886
2568,2887
10232,2888
10397,2888
2592,2889
4268,2890
4799,2891
9211,2892
3278,2893
17304,2894
10408,2895
17239,2896
9043,2897
19189,2898
11522,2899
16887,2899
16492,2900
16493,2901
16494,2901
16073,2902
3840,2903
3840,2904
16495,2905
8938,2906
19076,2907
9738,2908
10599,2908
10600,2908
9743,2909
16977,2910
18208,2911
11824,2912
8862,2913
19142,2914
19141,2915
17153,2916
9920,2917
10759,2918
4845,2919
1017,2920
12163,2921
16497,2922
2049,2923
10855,2924
10414,2925
16498,2926
9040,2927
17443,2928
10630,2929
10644,2929
16500,2930
16871,2931
8495,2932
14352,2932
8485,2933
3298,2934
9136,2935
17970,2936
16501,2937
62,2938
10011,2939
15355,2939
11068,2940
11160,2940
11616,2941
11646,2941
17289,2941
17952,2941
18025,2941
3980,2942
11724,2943
901,2944
17246,2945
2343,2946
11358,2947
11358,2948
7563,2949
16502,2950
17246,2951
11649,2952
11659,2953
2786,2954
10513,2955
17241,2956
14389,2957
16503,2958
17268,2959
9346,2960
7567,2962
17864,2963
7662,2964
4489,2965
8622,2965
8072,2966
10881,2967
10523,2968
11066,2969
57,2970
9557,2971
4269,2972
3064,2973
830,2974
826,2975
5501,2976
13917,2976
19028,2976
5766,2978
5767,2978
5768,2978
5769,2978
5770,2978
5771,2978
5772,2978
5773,2978
5774,2978
5775,2978
5776,2978
5777,2978
5778,2978
5779,2978
5780,2978
5781,2978
5782,2978
5783,2978
5784,2978
5785,2978
12967,2978
12968,2978
12969,2978
12970,2978
18739,2978
18774,2978
18775,2978
18776,2978
10305,2979
10499,2979
7661,2980
10103,2981
16074,2981
11686,2982
11786,2983
17083,2983
10161,2984
10375,2984
16212,2985
10619,2986
10101,2987
16075,2987
14188,2988
16385,2989
10300,2991
14330,2992
16504,2993
16505,2993
16506,2994
9610,2995
17951,2996
3510,2997
2909,2998
4980,2999
4230,3000
11285,3001
10422,3002
16842,3003
17129,3003
18147,3003
17241,3004
16235,3005
4135,3006
13967,3007
9500,3008
9875,3009
10206,3010
10310,3010
10320,3010
17153,3011
9661,3012
10074,3012
4078,3013
813,3014
2235,3015
17241,3016
13909,3017
17857,3017
17241,3018
15491,3019
1813,3020
9187,3021
8126,3022
2458,3023
17054,3024
9533,3025
9810,3026
17087,3027
7661,3028
3641,3029
3642,3029
3851,3030
10115,3031
10116,3031
16076,3031
10334,3032
17475,3033
15343,3034
8631,3035
16434,3036
8224,3037
8224,3038
8552,3039
14428,3039
14353,3040
140,3041
13181,3042
16304,3043
18770,3044
2347,3045
10807,3046
14200,3047
8438,3048
15258,3049
8189,3050
11722,3051
4998,3052
16507,3053
10078,3054
10084,3054
10087,3054
10088,3054
16079,3054
16080,3054
16081,3054
17464,3055
16508,3056
10917,3057
2029,3058
4546,3059
8118,3060
3738,3061
17856,3062
14971,3063
16509,3064
5348,3065
9632,3066
4826,3067
4826,3068
12981,3069
1645,3070
9908,3071
3935,3072
2737,3073
4587,3073
4590,3073
16510,3074
11705,3075
11651,3076
10044,3077
4848,3078
4848,3079
4159,3080
4160,3080
4161,3080
4162,3080
4163,3080
4873,3080
4874,3080
9108,3081
7640,3082
11640,3083
4642,3084
11796,3085
7700,3086
3312,3087
3315,3087
3733,3088
2374,3089
9862,3090
11710,3091
11676,3092
10281,3093
17274,3094
11692,3095
11679,3096
5745,3097
7900,3098
15372,3099
5054,3100
5055,3100
11295,3101
10968,3102
10969,3102
10971,3102
11117,3102
16337,3102
11622,3103
16217,3104
16936,3105
17155,3106
17755,3107
9891,3108
9899,3108
9948,3108
16511,3108
4653,3109
10121,3111
9635,3112
9938,3112
14002,3113
11710,3114
14192,3115
16512,3116
10714,3117
9887,3118
11691,3120
11446,3121
17291,3122
11596,3123
17261,3124
9041,3125
11679,3126
16513,3127
16514,3127
2068,3128
18123,3129
17887,3130
4228,3131
17253,3132
16974,3133
17161,3134
17279,3135
11689,3136
11723,3137
11688,3138
11650,3139
17239,3140
4818,3141
5342,3142
4818,3143
11622,3144
4548,3145
8439,3145
2738,3146
9266,3147
16162,3148
8995,3149
5067,3150
2300,3151
4211,3152
3099,3153
3282,3154
3288,3155
3084,3156
3279,3157
2185,3158
17735,3159
12585,3160
4269,3161
10735,3162
10736,3162
10737,3162
10743,3162
10746,3162
10748,3162
16269,3162
16270,3162
8884,3163
11589,3164
17497,3165
11532,3166
2069,3167
17344,3168
12581,3169
5348,3170
5342,3171
8609,3172
2784,3173
13856,3174
4599,3175
1942,3176
244,3177
2068,3178
3718,3179
8740,3180
2068,3181
4289,3182
17709,3183
1063,3184
990,3185
2629,3186
13977,3187
14004,3188
7561,3189
16515,3190
16516,3190
3513,3191
3515,3191
10298,3193
1046,3194
10581,3195
16517,3196
16518,3196
3728,3197
9752,3198
3575,3199
603,3200
3065,3201
3067,3201
16519,3202
520,3203
11601,3204
11831,3205
11136,3206
18026,3207
8943,3208
10123,3210
15305,3211
2611,3212
17073,3213
10988,3214
520,3215
8120,3216
2068,3217
11284,3218
7661,3219
2068,3220
11284,3221
2070,3222
11708,3223
2604,3224
12098,3225
12099,3225
4372,3226
11652,3227
10271,3228
11815,3229
17084,3229
11707,3230
213,3231
7531,3232
10331,3233
10288,3234
14138,3235
17248,3236
11595,3237
10780,3238
656,3239
1715,3240
18717,3241
1713,3242
12584,3243
17161,3244
17248,3245
11507,3246
11523,3249
4365,3250
10120,3251
10272,3251
10439,3251
10440,3251
10446,3251
10447,3251
10448,3251
10573,3251
10792,3251
4842,3252
16245,3253
4064,3254
16809,3255
749,3256
5807,3257
10497,3258
3716,3259
3542,3260
3520,3261
695,3262
17884,3263
696,3264
71,3265
3732,3266
284,3267
288,3267
4336,3267
349,3268
244,3269
5868,3270
1664,3271
8440,3272
520,3273
9654,3274
10046,3274
695,3275
1056,3276
1066,3276
8632,3277
14336,3277
173,3278
13983,3280
10138,3281
10494,3281
15409,3281
11679,3282
12165,3283
17456,3284
10028,3285
10052,3285
16520,3286
5056,3287
5207,3288
17170,3289
11698,3290
11699,3291
17243,3292
3106,3293
10389,3294
11620,3295
11831,3296
17248,3297
12167,3298
12168,3298
12169,3298
8645,3299
17113,3300
17291,3301
19164,3302
4636,3303
7613,3304
2401,3305
2440,3305
518,3306
2729,3307
14000,3308
17499,3310
10857,3311
16300,3311
2055,3312
11129,3313
16386,3313
4432,3314
8471,3314
8472,3314
14440,3314
11038,3315
9753,3316
9756,3316
9768,3316
11040,3317
16378,3317
4706,3318
5208,3318
11329,3318
11216,3319
2192,3320
4135,3321
9651,3322
9984,3322
9773,3323
366,3324
14975,3325
17095,3326
17237,3326
18104,3326
5009,3327
10819,3328
10848,3328
9900,3329
10561,3330
17950,3331
4153,3332
10514,3333
11723,3334
4427,3335
8546,3335
14363,3335
1907,3336
567,3337
16521,3338
4659,3339
11606,3340
11660,3341
17483,3342
11650,3343
8222,3344
11720,3345
11291,3346
7873,3347
11720,3348
16949,3349
18053,3350
16949,3351
11720,3352
11705,3353
17270,3354
17246,3355
11585,3356
11722,3357
18252,3358
9669,3359
18825,3360
17239,3361
16164,3362
17268,3363
11712,3364
17246,3365
17261,3366
701,3367
16522,3368
16523,3368
3514,3369
7507,3369
616,3370
15613,3371
15614,3371
15615,3371
2034,3372
8586,3373
8587,3373
8588,3374
8589,3374
11171,3375
15620,3376
12059,3377
12060,3377
10194,3378
15281,3378
10156,3379
10486,3379
3843,3380
9852,3381
16285,3382
215,3383
181,3384
204,3384
9609,3385
10060,3385
10157,3385
8553,3386
14429,3386
1850,3388
10579,3389
11446,3390
17113,3391
10471,3393
10327,3394
9904,3395
11831,3396
7640,3397
16524,3398
9850,3399
4310,3400
13045,3401
3890,3402
16525,3403
10960,3404
180,3405
205,3405
8949,3406
10485,3407
10202,3408
10067,3409
1006,3410
13988,3411
15378,3412
17065,3413
2841,3414
15411,3415
10782,3416
10784,3416
10785,3416
10311,3417
17090,3418
7537,3419
15363,3420
10473,3421
10510,3422
15379,3422
10386,3423
15438,3423
11474,3424
8673,3426
15298,3427
10040,3428
10165,3429
2068,3430
17066,3431
17050,3432
15429,3433
1052,3434
11478,3435
10139,3436
15295,3436
8661,3437
17198,3438
11002,3439
16355,3439
10516,3440
17760,3441
15272,3442
11612,3443
3928,3444
2784,3445
10779,3446
10390,3447
10783,3448
15320,3449
2068,3450
11499,3451
10790,3452
10791,3452
10175,3453
10242,3454
15380,3454
10045,3455
10055,3455
16247,3455
16248,3456
917,3457
10169,3458
15386,3458
2068,3459
10509,3460
15416,3461
10383,3462
11474,3463
17065,3464
10382,3465
10244,3466
10208,3467
15299,3468
19149,3469
7683,3470
19190,3471
19195,3471
19210,3471
10385,3472
2144,3473
3080,3474
4269,3475
15404,3476
5070,3477
4064,3478
11425,3479
16526,3480
263,3481
17243,3482
3539,3483
3209,3484
10025,3485
10027,3485
16241,3485
16242,3485
17260,3486
1257,3487
8953,3488
16305,3489
11569,3490
14188,3491
11784,3492
9119,3493
11657,3494
2450,3495
15497,3496
8127,3497
14966,3498
4596,3499
11585,3500
11606,3501
11620,3502
16286,3503
363,3504
16527,3505
2490,3506
9988,3507
9999,3507
600,3508
11836,3509
11444,3510
17682,3511
5309,3512
2971,3513
8501,3514
8674,3515
14468,3515
13883,3516
13860,3518
14004,3519
14004,3520
13982,3521
7639,3522
14004,3523
7639,3524
9283,3525
9074,3526
9064,3527
9063,3528
9383,3529
9257,3530
9170,3531
9079,3532
9079,3533
16435,3534
16155,3535
17257,3536
16156,3537
749,3538
12171,3539
12172,3539
12173,3539
12174,3539
12175,3539
12176,3539
12177,3539
16528,3540
16529,3540
17279,3542
10164,3543
4412,3544
15297,3545
4652,3546
11684,3547
11684,3548
14013,3549
13975,3550
8858,3551
10658,3552
17245,3553
2767,3554
18895,3555
4526,3556
5223,3557
1942,3558
2973,3559
2949,3560
3766,3561
3002,3562
13180,3563
3277,3564
12178,3565
10866,3566
16059,3566
9987,3567
10727,3567
10742,3567
11152,3567
11153,3567
11154,3567
16271,3567
10990,3568
10322,3569
15278,3569
16157,3570
16530,3571
16531,3572
16532,3574
12179,3575
704,3577
16935,3578
11476,3579
16533,3580
17961,3581
11151,3582
530,3583
533,3583
16279,3585
11130,3586
10568,3587
1744,3588
10323,3590
10021,3591
10063,3591
11016,3591
11060,3592
16390,3592
357,3593
3835,3594
10089,3595
3408,3596
5712,3597
16536,3598
9879,3599
10901,3600
10904,3600
10911,3600
11083,3600
16311,3600
9919,3601
207,3602
16084,3603
16276,3604
9907,3605
9909,3605
16537,3606
4320,3608
4322,3608
4324,3608
11478,3609
11486,3610
11487,3611
10318,3612
16236,3613
10639,3614
16085,3615
4081,3616
9637,3617
9954,3617
10132,3617
13974,3618
9884,3619
9976,3619
10054,3619
10114,3619
10167,3619
10168,3619
10256,3619
10344,3619
10404,3619
10603,3619
10958,3619
10989,3619
11029,3619
15273,3619
15274,3619
15307,3619
16086,3619
16087,3619
16250,3619
16318,3619
16339,3619
16379,3619
16437,3619
16438,3619
16439,3619
16538,3619
16540,3619
10979,3620
9962,3621
16545,3622
11079,3623
10091,3624
10069,3625
11063,3626
10402,3627
9665,3628
10913,3629
16393,3629
10567,3630
10106,3631
16089,3631
11118,3632
11043,3633
10812,3634
11086,3635
15449,3636
10909,3637
17343,3638
11720,3639
11490,3640
10558,3641
10570,3641
10588,3642
10413,3643
11679,3644
11659,3645
16371,3646
5582,3647
11683,3648
16972,3649
12181,3650
11588,3651
11589,3652
3665,3653
11698,3654
16964,3655
17309,3656
16965,3657
17248,3658
11684,3659
3694,3660
11864,3661
17279,3662
16956,3663
17274,3664
16970,3665
15422,3666
16091,3666
11044,3667
9615,3668
9670,3668
9694,3668
9312,3669
3112,3670
5018,3671
4830,3672
14916,3673
4643,3674
3396,3675
3853,3676
520,3677
2291,3678
17509,3679
1256,3680
4818,3681
16991,3682
2191,3683
4021,3684
4632,3685
4270,3686
2006,3687
18860,3688
1256,3689
2024,3690
7805,3691
3852,3692
13052,3693
12980,3694
2069,3695
1806,3696
11709,3697
11588,3698
16938,3699
12187,3700
7658,3701
11180,3702
2070,3703
11057,3704
5806,3705
4083,3706
4904,3707
2112,3708
2070,3709
9718,3710
15499,3710
2287,3711
14190,3712
11589,3713
594,3716
8474,3717
14441,3717
7605,3718
2611,3719
63,3720
11116,3721
4920,3722
13961,3722
13964,3722
11640,3723
11599,3724
16546,3725
10560,3726
16548,3726
11715,3727
17268,3728
17270,3729
11620,3730
11567,3731
16547,3732
16949,3733
11718,3734
10943,3735
11696,3736
3689,3737
11612,3738
8934,3739
2593,3740
2599,3740
2600,3740
2607,3740
2609,3740
7594,3741
7595,3741
7596,3741
7600,3741
8067,3741
9354,3741
9355,3741
16824,3741
16825,3741
17513,3741
10336,3742
16140,3743
15349,3744
9733,3745
10478,3745
10502,3746
16549,3746
11719,3747
10991,3748
11620,3749
11617,3750
2198,3751
2718,3752
2720,3752
7640,3753
1645,3754
14364,3755
1645,3756
2725,3757
5342,3758
480,3759
1645,3760
4437,3761
14331,3762
3573,3763
16809,3764
2384,3765
7794,3765
4476,3766
8610,3766
8611,3766
9658,3767
14477,3768
8684,3769
14478,3769
10297,3770
15364,3770
16551,3771
11690,3772
11649,3773
11659,3774
9281,3775
3495,3776
10466,3777
4842,3778
14188,3779
7508,3780
5060,3781
16552,3782
16843,3783
17005,3783
17130,3783
17207,3783
18042,3783
18043,3783
18047,3783
8651,3784
14409,3784
8959,3785
8652,3786
14410,3786
4395,3787
8653,3788
1647,3789
15327,3790
18722,3791
3227,3792
11454,3793
17151,3793
9751,3794
10604,3794
15501,3794
4592,3795
8445,3795
8446,3795
11742,3796
16553,3797
5062,3798
8804,3799
10360,3800
11167,3800
1765,3801
182,3802
203,3802
685,3803
2621,3804
482,3805
520,3806
352,3807
368,3808
370,3809
368,3810
368,3811
368,3812
368,3813
368,3814
368,3815
368,3816
368,3817
370,3818
368,3819
368,3820
520,3821
368,3822
368,3823
368,3824
368,3825
346,3826
209,3827
210,3827
1876,3828
682,3829
2802,3830
243,3831
246,3831
1634,3832
4215,3833
13936,3834
11446,3835
7682,3836
374,3837
566,3838
10541,3839
10542,3839
10543,3839
162,3840
162,3841
3468,3842
711,3843
1657,3843
1658,3843
3623,3843
4154,3843
3904,3844
471,3845
1656,3846
10566,3847
1659,3848
1807,3849
4580,3850
9031,3851
10503,3852
15436,3852
2351,3854
11614,3855
17246,3856
5281,3857
9818,3858
10241,3858
10900,3858
11185,3858
11191,3858
16167,3858
7464,3859
1659,3860
11684,3861
9861,3862
15646,3862
733,3863
644,3864
11603,3865
2426,3866
16554,3867
11701,3868
3396,3869
11125,3870
2368,3871
11636,3872
10412,3873
9568,3874
7678,3875
11677,3876
11622,3877
5766,3878
5767,3878
5768,3878
5769,3878
5770,3878
5771,3878
5772,3878
5773,3878
5774,3878
5775,3878
5776,3878
5777,3878
5778,3878
5779,3878
5780,3878
5781,3878
5782,3878
5783,3878
5784,3878
5785,3878
12967,3878
12968,3878
12969,3878
12970,3878
18739,3878
18774,3878
18775,3878
18776,3878
12949,3879
4826,3880
9901,3881
12188,3882
12189,3882
16555,3883
569,3884
7609,3885
4027,3887
11703,3888
158,3889
638,3890
11679,3891
9200,3892
3009,3893
19193,3894
9176,3895
17239,3896
3348,3897
435,3898
11717,3899
11620,3900
13109,3901
16556,3902
18063,3903
11612,3904
11588,3905
11623,3906
17713,3907
11588,3908
17065,3909
17241,3910
17357,3911
17241,3912
16849,3913
17011,3913
17136,3913
18162,3913
9267,3914
11620,3915
10906,3916
10908,3916
16312,3916
9607,3917
11602,3918
11620,3919
17241,3920
17233,3921
9620,3922
13157,3923
17951,3924
11614,3925
11694,3926
11723,3927
5348,3928
11709,3929
11690,3930
11694,3931
11709,3932
11691,3933
4421,3934
5190,3935
11606,3936
12192,3937
12193,3937
15425,3938
15502,3939
14538,3940
9527,3941
9888,3942
3994,3943
1661,3944
7511,3944
16557,3945
16558,3945
3692,3946
16560,3947
3272,3948
4259,3949
3767,3950
3135,3951
3140,3951
3809,3951
3810,3951
3768,3952
4424,3952
4250,3953
4251,3953
4252,3953
4425,3953
3068,3954
3070,3954
3071,3954
3092,3954
2970,3955
3811,3956
3821,3956
3822,3956
4249,3956
1697,3957
920,3958
3812,3958
4536,3958
4517,3959
4518,3959
3819,3960
4247,3961
926,3962
3172,3963
3817,3963
4686,3963
4246,3964
4520,3964
4261,3965
880,3966
3860,3967
3802,3969
3805,3969
3806,3969
4262,3970
17181,3972
16440,3973
17266,3974
10177,3975
10545,3976
10548,3976
10421,3977
7790,3978
11638,3979
11682,3979
17288,3979
17914,3979
18157,3979
17286,3980
3072,3981
10643,3982
9877,3983
9928,3984
9935,3984
9838,3985
3674,3986
16562,3987
16563,3987
9546,3988
4373,3989
5197,3989
11683,3990
10094,3991
16092,3991
15507,3992
4421,3993
11164,3994
10859,3995
10861,3996
14489,3997
14490,3997
14491,3997
10246,3998
16564,3999
16566,4000
15257,4001
10095,4002
16341,4003
16567,4004
9889,4005
9606,4006
9955,4007
9949,4008
16171,4008
11620,4009
11098,4010
16396,4010
10992,4011
10993,4011
10994,4011
10995,4011
10996,4011
10998,4011
10999,4011
11092,4011
11111,4011
11045,4012
17078,4013
9001,4014
9147,4014
17113,4015
1837,4016
17113,4017
11503,4018
17298,4018
17024,4019
3613,4020
2235,4021
1846,4022
1903,4023
17031,4024
11741,4025
1831,4026
1845,4027
17351,4028
11679,4029
16935,4030
11716,4031
9922,4032
7653,4033
9336,4034
19200,4035
9018,4036
4836,4037
9078,4038
16993,4039
9129,4040
9549,4041
17066,4042
8978,4043
9058,4043
11430,4044
14221,4045
1862,4046
8778,4047
8749,4048
8867,4049
17192,4050
18109,4050
11465,4051
14219,4052
8976,4053
9054,4053
9313,4054
9328,4055
9021,4056
9281,4057
9549,4058
8981,4059
3724,4061
4311,4061
4313,4061
11319,4061
11320,4061
11964,4061
11965,4061
9037,4062
9932,4063
11585,4064
9844,4065
4846,4066
2116,4067
11041,4068
16568,4069
16569,4070
2564,4071
11089,4072
17735,4073
10914,4074
16314,4074
10580,4075
10453,4076
15509,4077
10349,4078
10400,4079
10806,4079
16571,4080
10268,4081
10703,4082
16573,4083
10228,4084
10373,4085
16570,4086
10129,4087
9781,4088
10967,4089
7671,4090
9294,4091
8227,4092
9650,4093
9994,4093
16574,4093
13896,4094
13902,4094
19011,4094
9628,4095
9629,4095
18081,4096
7490,4097
7491,4097
7494,4097
7495,4097
7496,4097
11585,4098
5745,4099
15510,4100
9723,4101
9802,4102
15514,4102
15516,4102
10760,4103
16243,4104
10004,4105
260,4106
17241,4107
17242,4108
16575,4109
16577,4110
10957,4111
16578,4112
9712,4113
10295,4114
2286,4115
7660,4116
10282,4117
10299,4118
10445,4119
10451,4119
12936,4120
12937,4120
12938,4120
12939,4120
12940,4120
12941,4120
12942,4120
18828,4120
10434,4121
16579,4122
8258,4123
7500,4124
10170,4125
15306,4125
15336,4125
16580,4126
15405,4127
16788,4128
463,4129
701,4130
1085,4131
1086,4131
1087,4131
2021,4132
10553,4133
10557,4133
10830,4133
10839,4133
10854,4133
15456,4133
16093,4133
16288,4133
13982,4134
10664,4135
1252,4136
7661,4137
10072,4138
15384,4138
15392,4138
16365,4138
4608,4139
17499,4140
4353,4142
11838,4142
9630,4143
17081,4144
11306,4145
1942,4146
11353,4147
11354,4147
17498,4148
11056,4149
15387,4151
139,4152
3577,4153
12936,4155
12937,4155
12938,4155
12939,4155
12940,4155
12941,4155
12942,4155
18828,4155
3558,4156
2021,4157
10717,4158
13689,4159
3154,4160
5752,4161
12622,4162
15330,4163
7677,4164
9835,4165
11022,4166
16581,4167
4005,4168
8748,4169
10715,4170
9797,4171
3111,4172
18756,4173
19197,4174
4546,4175
11695,4176
4164,4177
11660,4178
11585,4179
11649,4180
9865,4181
9872,4181
10826,4181
10851,4181
15616,4181
16097,4181
16324,4181
16354,4181
16776,4181
15337,4182
11315,4183
11299,4184
5248,4185
11708,4186
975,4187
11460,4189
4262,4190
796,4191
7797,4191
4882,4192
10240,4193
10477,4193
2049,4194
11604,4195
11799,4196
18675,4197
11836,4198
907,4199
3002,4200
11742,4201
4387,4202
4584,4203
17291,4204
2116,4205
7476,4206
4887,4207
4897,4207
7810,4209
4113,4210
12936,4211
12937,4211
12938,4211
12939,4211
12940,4211
12941,4211
12942,4211
18828,4211
9831,4212
9857,4212
9874,4212
16356,4212
15647,4213
11742,4214
4114,4215
13948,4216
3167,4217
4228,4218
12256,4219
12257,4219
12258,4219
12259,4219
12260,4219
12261,4219
12262,4219
12263,4219
12265,4219
12266,4219
4384,4220
5269,4220
4413,4221
11589,4222
1746,4223
1757,4223
566,4224
16937,4225
8227,4226
11103,4227
4364,4228
17256,4229
8637,4230
17239,4231
17248,4232
1674,4233
5001,4234
10212,4235
15441,4235
11705,4236
9268,4237
9339,4237
18907,4238
3894,4239
18670,4240
11819,4241
9915,4242
16172,4242
4541,4244
19087,4245
2958,4246
5717,4247
5718,4247
5719,4247
5720,4247
5721,4247
5722,4247
5723,4247
5724,4247
5725,4247
5726,4247
5727,4247
5728,4247
5729,4247
5730,4247
5731,4247
5732,4247
12955,4247
12956,4247
12957,4247
12958,4247
18740,4247
18777,4247
18778,4247
18779,4247
18780,4247
18781,4247
18782,4247
4541,4248
17261,4249
3838,4250
8227,4251
11614,4252
867,4253
5752,4254
9983,4255
18675,4256
11677,4257
12267,4258
12268,4258
12269,4258
12271,4258
12272,4258
12273,4258
12274,4258
7593,4259
12631,4260
11315,4261
11811,4262
17300,4264
14110,4265
11708,4266
11481,4267
1818,4268
10097,4269
16098,4269
17486,4270
16584,4271
1835,4272
4919,4273
17226,4274
11821,4275
9967,4276
9970,4276
8990,4277
16587,4278
16588,4278
16589,4278
16590,4278
16591,4279
11596,4280
16809,4281
8665,4283
14458,4283
12275,4284
12276,4284
12277,4284
11697,4285
11062,4286
16592,4287
16774,4288
4730,4289
14080,4290
2375,4291
4843,4292
17027,4293
9326,4294
14369,4295
8953,4296
9038,4297
11123,4298
9881,4299
9951,4299
4444,4300
8565,4300
14450,4300
9675,4301
9790,4301
4228,4302
4316,4303
5262,4303
9111,4304
9189,4304
9183,4305
12604,4306
16885,4307
11770,4308
17223,4308
11807,4309
7657,4310
11724,4311
4228,4312
11603,4313
12315,4314
1925,4315
2880,4315
10685,4315
10828,4316
3345,4317
9214,4318
11807,4319
4043,4320
8734,4321
10772,4322
10776,4322
3783,4323
14377,4324
14370,4325
14371,4326
14372,4327
9274,4328
10276,4329
10476,4329
9720,4330
1252,4331
4065,4332
11823,4333
10605,4334
10608,4334
16099,4334
1256,4335
2068,4336
1674,4337
11831,4338
4933,4339
10687,4340
10158,4341
10361,4341
10363,4341
15251,4341
15283,4341
15284,4341
16994,4342
17273,4343
10427,4344
10437,4344
16993,4345
9488,4346
14431,4347
14432,4347
11603,4348
8756,4349
5342,4350
10340,4351
10484,4351
14378,4352
7658,4353
9611,4354
15519,4354
17970,4355
10975,4356
16342,4356
17293,4357
7819,4358
3455,4359
5712,4360
9917,4361
3689,4362
16173,4363
5751,4364
17439,4365
4429,4366
8555,4366
14433,4366
1256,4367
14214,4368
2380,4369
14214,4370
3751,4371
9913,4372
4266,4373
13991,4373
9493,4374
18743,4375
4482,4376
8951,4377
9484,4378
19169,4379
11587,4380
16595,4381
16100,4382
11570,4383
4846,4384
8817,4385
11807,4386
11132,4387
17662,4388
7790,4389
10216,4390
10357,4390
8527,4391
14381,4391
9149,4392
10722,4393
993,4394
9944,4395
16174,4396
1111,4397
3952,4398
10424,4399
9963,4400
18682,4401
10884,4402
16325,4402
11679,4403
16593,4404
11007,4405
11008,4405
11009,4405
16359,4405
10435,4406
4361,4407
12312,4408
12313,4408
12314,4409
11198,4410
5078,4411
1052,4412
8824,4413
11112,4414
9562,4415
2868,4416
17822,4417
10687,4418
4608,4419
8732,4420
11824,4421
16153,4422
8073,4424
9507,4425
9346,4426
2591,4427
4350,4428
4351,4428
4352,4428
7419,4430
1113,4431
8101,4432
8854,4433
4115,4434
4116,4434
4580,4435
17059,4436
11058,4437
11059,4437
11069,4437
4266,4438
13991,4438
14312,4439
5345,4440
11445,4441
16979,4441
11140,4442
10825,4443
10301,4444
17273,4445
11590,4446
11685,4446
8450,4447
3699,4448
18671,4449
2561,4450
12619,4451
17,4452
18,4452
1766,4453
10540,4454
2068,4455
719,4456
371,4457
11687,4458
11636,4460
9973,4461
9974,4461
18671,4462
17713,4463
9645,4464
4550,4465
8451,4465
5013,4466
11803,4467
2897,4468
9681,4469
9691,4469
10610,4469
15521,4469
1649,4470
1697,4471
10611,4472
11013,4473
17023,4474
11147,4475
7678,4476
14004,4477
8566,4478
14451,4478
13142,4479
9304,4480
1775,4481
7807,4482
2044,4483
11435,4484
14199,4485
13877,4486
11706,4487
17246,4488
11676,4489
11637,4490
11429,4491
10918,4492
11819,4493
17245,4494
17242,4495
9469,4496
7480,4497
11679,4498
9203,4499
11679,4500
10119,4501
8567,4502
14452,4502
11723,4503
11611,4504
11717,4505
17345,4506
17250,4507
8831,4508
8832,4508
8896,4508
11585,4509
9097,4510
11760,4511
4637,4512
10530,4513
10531,4513
10532,4513
10533,4513
10549,4513
10564,4513
10565,4513
15459,4513
11585,4514
18091,4515
11590,4516
11685,4516
2766,4517
4967,4518
18897,4519
11683,4520
10111,4521
7660,4522
9978,4523
17888,4524
4217,4525
10258,4526
10259,4526
10392,4526
11679,4527
16596,4528
10528,4529
17085,4530
16221,4531
630,4532
634,4532
10781,4533
16597,4534
16598,4534
7673,4535
4589,4536
8572,4536
11688,4537
12322,4538
4410,4539
17274,4540
10966,4541
2449,4542
18759,4543
705,4544
520,4545
12551,4546
10706,4547
10707,4547
10708,4547
16257,4547
16258,4547
8570,4548
13143,4549
17508,4550
11194,4551
11202,4551
16799,4551
10711,4552
15288,4553
9719,4554
5247,4555
2789,4556
7676,4557
17252,4558
16177,4559
11446,4560
11683,4561
11699,4562
11444,4563
9302,4564
10291,4565
11699,4566
10505,4567
15426,4567
15431,4567
10659,4568
10658,4569
10658,4570
16599,4571
8939,4572
3485,4573
821,4574
8924,4575
10699,4576
10701,4576
11647,4577
3657,4578
3658,4578
4527,4579
12538,4580
10450,4581
10464,4581
8649,4582
17733,4583
11148,4584
11149,4584
16372,4584
17335,4585
8227,4586
9323,4587
4433,4588
8475,4589
8476,4589
212,4590
3663,4591
13857,4592
9947,4593
16600,4594
1660,4595
10001,4596
10821,4596
11182,4596
14509,4597
11585,4598
618,4599
9191,4600
14416,4601
17949,4602
9767,4603
17205,4604
14332,4605
8547,4606
8634,4607
14338,4607
14426,4608
12323,4609
10438,4610
10525,4610
4025,4611
480,4612
16779,4613
16780,4613
11477,4614
17308,4615
5695,4616
11552,4617
16930,4617
14509,4618
19143,4619
8959,4620
16601,4621
9617,4622
9782,4622
16602,4624
12301,4625
4599,4626
2242,4627
17308,4628
11330,4629
9500,4630
1113,4631
11622,4632
17245,4633
5766,4634
5767,4634
5768,4634
5769,4634
5770,4634
5771,4634
5772,4634
5773,4634
5774,4634
5775,4634
5776,4634
5777,4634
5778,4634
5779,4634
5780,4634
5781,4634
5782,4634
5783,4634
5784,4634
5785,4634
12967,4634
12968,4634
12969,4634
12970,4634
18739,4634
18774,4634
18775,4634
18776,4634
2113,4635
2115,4636
11831,4637
17968,4638
13105,4639
4826,4640
14354,4641
11620,4642
10426,4643
13101,4644
11709,4645
3836,4646
1942,4647
11636,4648
11636,4649
11718,4650
3113,4651
3124,4652
3692,4653
10159,4654
10195,4654
10204,4654
10213,4654
10488,4654
10595,4654
10596,4654
11622,4655
7561,4656
138,4657
10833,4658
10853,4658
2425,4659
17272,4660
11824,4661
16343,4662
10987,4663
16345,4663
18269,4664
9225,4665
9136,4666
995,4667
3142,4668
17245,4669
996,4670
13089,4671
8521,4672
8522,4672
5296,4673
4421,4674
17064,4675
19220,4676
9514,4677
19151,4678
9145,4679
3482,4680
16603,4681
9893,4682
10278,4683
10333,4683
16604,4685
17981,4686
12357,4687
12358,4687
11684,4688
17075,4689
11689,4690
17279,4691
19146,4692
9239,4693
4415,4694
17280,4695
17077,4697
8750,4698
54,4699
9730,4700
11679,4701
11477,4702
9755,4703
10287,4704
12598,4705
8819,4706
9106,4707
10926,4708
8548,4709
17205,4710
9813,4711
15522,4711
15523,4711
3120,4712
11712,4713
10134,4714
10324,4714
9717,4715
16606,4716
11790,4717
1115,4718
7661,4719
9965,4720
1651,4721
2798,4722
4215,4723
9225,4724
9107,4725
1925,4727
2880,4727
10685,4727
10023,4728
10395,4729
10073,4730
9771,4731
10606,4732
10609,4732
10963,4733
10891,4734
9903,4735
15418,4736
16607,4737
15624,4738
15626,4738
15627,4738
15628,4738
15629,4738
15631,4738
9931,4739
9716,4740
11050,4741
10034,4742
11108,4743
11110,4743
10456,4744
10460,4744
16608,4745
4418,4746
10420,4747
11179,4748
10039,4749
9765,4750
16609,4751
10037,4752
10307,4753
10638,4754
10522,4755
16610,4756
9647,4757
10765,4757
10766,4757
10773,4757
10778,4757
16274,4757
10642,4758
16611,4759
15526,4760
10463,4761
10719,4762
9991,4763
16143,4763
10381,4764
15296,4764
15644,4765
10964,4766
10226,4767
15267,4767
9690,4768
10047,4769
10858,4770
9985,4771
9989,4771
9992,4771
9995,4771
10534,4772
11000,4773
16613,4773
10953,4774
10317,4775
10003,4776
2207,4777
16615,4778
10729,4779
10345,4780
10068,4781
11088,4782
16616,4783
10432,4784
9616,4785
15619,4786
10972,4787
10973,4787
15527,4788
15528,4789
9633,4790
10017,4791
16065,4792
10417,4793
15312,4793
10492,4794
10834,4795
15259,4796
9702,4797
9649,4798
16617,4799
16618,4800
16623,4801
16619,4802
16621,4803
16622,4804
16624,4805
9724,4806
10145,4807
10922,4808
10923,4808
10924,4808
16179,4809
10104,4810
16103,4810
11107,4811
10755,4812
16626,4813
16627,4814
11014,4815
9793,4816
10623,4816
10625,4816
10627,4816
16357,4817
9705,4818
15532,4818
10433,4819
10133,4820
9956,4821
9959,4821
10897,4822
16628,4823
15340,4824
16222,4825
9964,4826
10209,4827
15358,4828
9866,4829
16292,4829
16635,4830
10789,4831
10959,4832
10113,4833
11105,4834
10419,4835
15533,4836
9643,4837
10954,4838
9708,4839
10124,4840
11094,4840
11146,4840
16411,4840
10292,4841
16636,4842
16637,4842
16638,4843
16639,4844
16640,4844
16641,4845
16642,4846
11101,4847
10578,4848
10641,4849
16643,4850
10223,4851
16261,4852
10234,4853
16645,4854
15534,4855
10726,4856
16646,4857
10495,4858
461,4859
9734,4860
16647,4861
16648,4862
10153,4863
10640,4864
11134,4865
11135,4865
16111,4866
10142,4867
15309,4870
15289,4871
16649,4871
16184,4872
10096,4873
15323,4874
9993,4875
16224,4875
10329,4876
16651,4877
11178,4878
9863,4879
10841,4879
16112,4879
10314,4880
16652,4881
9704,4882
10589,4882
10590,4882
10428,4883
10233,4884
16654,4885
10795,4886
16655,4887
10524,4888
10980,4889
10847,4890
11074,4891
10888,4892
10889,4892
10716,4893
16656,4894
16657,4894
16658,4894
10387,4895
10490,4896
10920,4897
11051,4898
16659,4899
10031,4900
16660,4901
15474,4902
16185,4903
10928,4904
10929,4904
2260,4906
16662,4907
9784,4908
11010,4909
9921,4910
11187,4911
11188,4911
11189,4911
15541,4912
10586,4913
11042,4914
10756,4915
9806,4916
9807,4916
9808,4916
16663,4917
11109,4918
9946,4919
16145,4920
11193,4921
11006,4922
10229,4923
10230,4923
10231,4923
10396,4923
11099,4923
15303,4923
16664,4924
10140,4925
10860,4926
10805,4927
9814,4928
16665,4929
10455,4930
10457,4930
10458,4930
10459,4930
10461,4930
10465,4930
10053,4931
10264,4932
16666,4933
18905,4934
7639,4935
9764,4936
11436,4937
11775,4938
11679,4939
11585,4940
17907,4941
11585,4942
11679,4943
11679,4944
11585,4945
18670,4946
1801,4947
3173,4948
10196,4949
10199,4949
9638,4950
15350,4951
15351,4951
10696,4952
10697,4952
10698,4952
9748,4953
16667,4954
16668,4954
9692,4955
16116,4955
11055,4956
16415,4956
16670,4957
9682,4958
10515,4959
10873,4960
11168,4961
10631,4962
7536,4963
15547,4964
10454,4965
10907,4966
10555,4967
15466,4967
10176,4968
10762,4968
10767,4968
10768,4968
10770,4968
10771,4968
10775,4968
10777,4968
16275,4968
16671,4968
10832,4969
10265,4970
16672,4971
16673,4971
16674,4972
16675,4973
11170,4974
9761,4975
16676,4976
16677,4977
16678,4978
3689,4979
10403,4980
11067,4980
11091,4980
16187,4980
10744,4982
15434,4983
16188,4984
15633,4985
16684,4986
11172,4987
11173,4987
11174,4987
9825,4988
9678,4989
11183,4989
16119,4989
16685,4990
9788,4991
9792,4991
15551,4991
15552,4991
15395,4992
9679,4993
15555,4994
16800,4995
5766,4997
5767,4997
5768,4997
5769,4997
5770,4997
5771,4997
5772,4997
5773,4997
5774,4997
5775,4997
5776,4997
5777,4997
5778,4997
5779,4997
5780,4997
5781,4997
5782,4997
5783,4997
5784,4997
5785,4997
12967,4997
12968,4997
12969,4997
12970,4997
18739,4997
18774,4997
18775,4997
18776,4997
9774,4998
15556,4999
9618,5000
9714,5001
10594,5001
15557,5002
16280,5003
16190,5004
15394,5005
16686,5006
9939,5007
9760,5008
10728,5009
10189,5010
15559,5011
10489,5012
4149,5013
9911,5014
10179,5015
10267,5016
9709,5017
2507,5018
9783,5019
16689,5020
10915,5021
16687,5022
9762,5023
10102,5024
10105,5024
16688,5025
9775,5026
9776,5026
9777,5026
16690,5027
10058,5028
10529,5029
17163,5030
17488,5031
16373,5032
16691,5033
15428,5034
10577,5035
16226,5035
10467,5036
9997,5037
10143,5038
10270,5038
10695,5038
15319,5038
16146,5038
10183,5040
10364,5040
16227,5041
10713,5042
9608,5043
9667,5044
9811,5044
10612,5045
10613,5045
10614,5045
10615,5045
10616,5045
10618,5045
15574,5046
9780,5047
16326,5048
9958,5049
16692,5050
10753,5051
16191,5052
15576,5053
10591,5054
10822,5055
16695,5056
16698,5057
9833,5058
10962,5059
16331,5060
16785,5061
10136,5062
9727,5063
10965,5064
9990,5065
10285,5066
10829,5066
9746,5067
15577,5068
15578,5068
15580,5068
9795,5069
16674,5070
10122,5071
10100,5072
11081,5073
10724,5074
15581,5075
15367,5076
9791,5077
9800,5078
9847,5079
10339,5080
11036,5081
15443,5082
10865,5083
9644,5084
16327,5085
10730,5086
11114,5087
16058,5088
16417,5089
16699,5090
16700,5091
5697,5092
5698,5092
5699,5092
5700,5092
5701,5092
12935,5092
16701,5093
16702,5094
16703,5094
10057,5095
15582,5096
16706,5097
16801,5098
9923,5099
10335,5100
9950,5101
9799,5102
10970,5103
11027,5104
10890,5105
16308,5105
16710,5106
16707,5107
16362,5108
16363,5108
9981,5109
10238,5110
10886,5110
10893,5110
10895,5110
3974,5111
11161,5112
16708,5113
16709,5114
16711,5115
10874,5116
10876,5116
16715,5117
15423,5118
16716,5119
10423,5120
9934,5121
9937,5121
16708,5122
9672,5123
10304,5124
15610,5125
10521,5126
10362,5127
11019,5128
11020,5128
11163,5129
15361,5130
10693,5131
10302,5132
9961,5133
10562,5134
15334,5135
9742,5136
9869,5137
15353,5138
15354,5138
10818,5139
16717,5140
11139,5141
11018,5142
16369,5143
16718,5144
10934,5145
15332,5145
15341,5145
16195,5146
16374,5147
11155,5148
11156,5149
11157,5149
9952,5150
9641,5151
9713,5152
9636,5153
16302,5154
16719,5155
16196,5156
11166,5157
11200,5158
16802,5158
10720,5159
9659,5160
16124,5161
11121,5162
10921,5163
16309,5164
10416,5165
9737,5166
16721,5167
9695,5168
10325,5169
9839,5170
9840,5170
15636,5170
15638,5170
10070,5171
11023,5171
11024,5171
11025,5171
11190,5172
16795,5172
15433,5173
11122,5174
10391,5175
15300,5175
15301,5175
15413,5175
10319,5176
16723,5177
16724,5178
16127,5179
9787,5180
15591,5181
4654,5182
9666,5183
16725,5184
16726,5184
10430,5185
10764,5186
9996,5187
16128,5188
10443,5189
10444,5189
10449,5189
15399,5189
15450,5189
16727,5190
10546,5191
11071,5192
10355,5193
16797,5194
16451,5195
9898,5196
10956,5197
16062,5198
11158,5199
11090,5200
9623,5201
16728,5202
10398,5203
10399,5203
11004,5204
11181,5204
10496,5205
10293,5206
9980,5207
9966,5208
11070,5209
15592,5210
10801,5211
16731,5212
16452,5213
10283,5214
10313,5215
10551,5215
10556,5215
10582,5216
11064,5216
11077,5216
11102,5216
9750,5217
10905,5218
10079,5219
16133,5219
11138,5220
10985,5221
16732,5222
10280,5223
9868,5224
9870,5224
9871,5224
9744,5225
16733,5226
16734,5226
16453,5227
10379,5228
9839,5229
9840,5229
15636,5229
15638,5229
10236,5230
16197,5231
16328,5232
16735,5233
16200,5234
15260,5235
10563,5236
10306,5237
10718,5238
16264,5238
10155,5239
9979,5240
10769,5240
10978,5241
10411,5242
15268,5242
16228,5243
16329,5244
10162,5245
9977,5246
10358,5247
10487,5248
16736,5249
16737,5249
16203,5250
16150,5251
16738,5251
16739,5251
11097,5252
10294,5253
16741,5254
4716,5255
10977,5256
10410,5257
9710,5258
9711,5258
9804,5259
10321,5260
9729,5261
9732,5261
9739,5261
16431,5262
10733,5263
10286,5265
15391,5266
17826,5267
16744,5268
16352,5269
9735,5270
15424,5271
14219,5272
14002,5273
3974,5274
17056,5275
7566,5276
2904,5277
3970,5278
7688,5279
10127,5280
13045,5281
12316,5282
12317,5282
2685,5284
11588,5285
17248,5286
7474,5287
2076,5288
3689,5289
18738,5290
14327,5291
17111,5292
7670,5293
14538,5294
17487,5295
3394,5296
14001,5297
9605,5298
17164,5299
10896,5300
3737,5301
4268,5302
9785,5303
16066,5304
10407,5305
13065,5306
9763,5307
16423,5308
16424,5308
16425,5308
9757,5309
15594,5309
10193,5310
9701,5311
10374,5312
9440,5313
10880,5314
10694,5315
10592,5316
15595,5317
15597,5318
16784,5319
9631,5320
9929,5320
11141,5321
16229,5322
10082,5323
9821,5324
9905,5324
9971,5324
16134,5324
16748,5325
5766,5326
5767,5326
5768,5326
5769,5326
5770,5326
5771,5326
5772,5326
5773,5326
5774,5326
5775,5326
5776,5326
5777,5326
5778,5326
5779,5326
5780,5326
5781,5326
5782,5326
5783,5326
5784,5326
5785,5326
12967,5326
12968,5326
12969,5326
12970,5326
18739,5326
18774,5326
18775,5326
18776,5326
16749,5327
15468,5328
16750,5329
15601,5331
686,5332
10786,5333
10038,5334
10628,5335
11082,5336
10634,5337
10793,5337
10802,5337
5220,5338
4341,5339
5211,5340
5270,5340
11169,5341
11012,5342
16751,5343
16752,5344
16753,5345
10824,5346
10840,5346
10852,5346
16135,5346
16136,5346
16293,5346
16294,5346
16295,5346
16296,5346
16297,5346
10406,5347
10574,5348
16754,5349
16151,5350
16756,5351
10931,5352
16330,5352
15602,5353
16758,5354
16759,5355
9986,5356
10002,5356
10867,5357
16760,5358
11582,5359
16375,5360
10172,5361
10252,5361
12936,5362
12937,5362
12938,5362
12939,5362
12940,5362
12941,5362
12942,5362
18828,5362
16761,5363
10508,5364
10512,5365
5766,5366
5767,5366
5768,5366
5769,5366
5770,5366
5771,5366
5772,5366
5773,5366
5774,5366
5775,5366
5776,5366
5777,5366
5778,5366
5779,5366
5780,5366
5781,5366
5782,5366
5783,5366
5784,5366
5785,5366
12967,5366
12968,5366
12969,5366
12970,5366
18739,5366
18774,5366
18775,5366
18776,5366
10018,5367
11084,5368
10126,5369
16207,5370
15408,5371
10077,5372
16138,5372
10022,5373
16765,5374
9924,5375
10919,5375
16766,5376
11052,5377
16211,5378
10197,5379
10185,5380
10452,5381
16152,5382
10856,5383
5348,5384
16767,5388
15469,5389
10981,5390
16298,5391
9945,5394
13049,5395
9826,5396
9828,5396
4826,5397
5717,5398
5718,5398
5719,5398
5720,5398
5721,5398
5722,5398
5723,5398
5724,5398
5725,5398
5726,5398
5727,5398
5728,5398
5729,5398
5730,5398
5731,5398
5732,5398
12955,5398
12956,5398
12957,5398
12958,5398
18740,5398
18777,5398
18778,5398
18779,5398
18780,5398
18781,5398
18782,5398
9542,5399
4580,5400
18674,5401
9490,5402
16768,5403
9043,5404
9622,5405
9827,5406
9842,5407
15642,5407
9217,5408
16456,5409
10916,5410
16769,5411
1927,5412
14407,5413
8636,5414
14344,5414
10368,5415
11284,5416
2166,5417
9778,5418
16770,5419
8529,5420
14384,5420
12512,5421
10731,5422
16771,5423
16772,5423
1702,5424
8530,5425
14385,5425
17662,5426
15285,5427
10629,5428
15304,5429
7788,5430
731,5431
7815,5432
7876,5433
7821,5434
10006,5435
10007,5435
10008,5435
13045,5436
4417,5437
4542,5438
901,5439
5166,5440
17438,5441
17461,5441
10192,5442
13045,5443
9957,5444
11520,5445
16884,5445
3881,5446
13877,5447
11765,5448
17967,5448
16804,5449
16805,5449
5464,5450
11195,5451
11196,5451
11197,5451
10738,5452
10749,5452
10752,5452
11315,5453
9285,5454
4136,5455
787,5457
19169,5458
11705,5459
16975,5460
9138,5461
12513,5462
4409,5463
